smalmesh,Length
smalmesh,24
smalmesh,25
smalmesh,26
smalmesh,26
smalmesh,26
smalmesh,27
smalmesh,27
smalmesh,27
smalmesh,27
smalmesh,27
smalmesh,27
smalmesh,27
smalmesh,27
smalmesh,27
smalmesh,27
smalmesh,27
smalmesh,27
smalmesh,27
smalmesh,27
smalmesh,28
smalmesh,28
smalmesh,28
smalmesh,28
smalmesh,28
smalmesh,28
smalmesh,28
smalmesh,28
smalmesh,28
smalmesh,28
smalmesh,28
smalmesh,28
smalmesh,28
smalmesh,28
smalmesh,28
smalmesh,28
smalmesh,28
smalmesh,28
smalmesh,28
smalmesh,28
smalmesh,28
smalmesh,28
smalmesh,28
smalmesh,28
smalmesh,28
smalmesh,28
smalmesh,28
smalmesh,28
smalmesh,28
smalmesh,28
smalmesh,29
smalmesh,29
smalmesh,29
smalmesh,29
smalmesh,29
smalmesh,29
smalmesh,29
smalmesh,29
smalmesh,29
smalmesh,29
smalmesh,29
smalmesh,29
smalmesh,29
smalmesh,29
smalmesh,29
smalmesh,29
smalmesh,29
smalmesh,29
smalmesh,29
smalmesh,29
smalmesh,29
smalmesh,29
smalmesh,29
smalmesh,29
smalmesh,29
smalmesh,29
smalmesh,29
smalmesh,29
smalmesh,29
smalmesh,29
smalmesh,29
smalmesh,29
smalmesh,29
smalmesh,29
smalmesh,29
smalmesh,29
smalmesh,29
smalmesh,29
smalmesh,29
smalmesh,29
smalmesh,29
smalmesh,29
smalmesh,29
smalmesh,29
smalmesh,29
smalmesh,29
smalmesh,29
smalmesh,29
smalmesh,29
smalmesh,30
smalmesh,30
smalmesh,30
smalmesh,30
smalmesh,30
smalmesh,30
smalmesh,30
smalmesh,30
smalmesh,30
smalmesh,30
smalmesh,30
smalmesh,30
smalmesh,30
smalmesh,30
smalmesh,30
smalmesh,30
smalmesh,30
smalmesh,30
smalmesh,30
smalmesh,30
smalmesh,30
smalmesh,30
smalmesh,30
smalmesh,30
smalmesh,30
smalmesh,30
smalmesh,30
smalmesh,30
smalmesh,30
smalmesh,30
smalmesh,30
smalmesh,30
smalmesh,30
smalmesh,30
smalmesh,30
smalmesh,30
smalmesh,30
smalmesh,30
smalmesh,30
smalmesh,30
smalmesh,30
smalmesh,30
smalmesh,30
smalmesh,30
smalmesh,30
smalmesh,30
smalmesh,30
smalmesh,30
smalmesh,30
smalmesh,30
smalmesh,30
smalmesh,30
smalmesh,30
smalmesh,30
smalmesh,30
smalmesh,30
smalmesh,30
smalmesh,30
smalmesh,30
smalmesh,30
smalmesh,31
smalmesh,31
smalmesh,31
smalmesh,31
smalmesh,31
smalmesh,31
smalmesh,31
smalmesh,31
smalmesh,31
smalmesh,31
smalmesh,31
smalmesh,31
smalmesh,31
smalmesh,31
smalmesh,31
smalmesh,31
smalmesh,31
smalmesh,31
smalmesh,31
smalmesh,31
smalmesh,31
smalmesh,31
smalmesh,31
smalmesh,31
smalmesh,31
smalmesh,31
smalmesh,31
smalmesh,31
smalmesh,31
smalmesh,31
smalmesh,31
smalmesh,31
smalmesh,31
smalmesh,31
smalmesh,31
smalmesh,31
smalmesh,31
smalmesh,31
smalmesh,31
smalmesh,31
smalmesh,31
smalmesh,31
smalmesh,31
smalmesh,31
smalmesh,31
smalmesh,31
smalmesh,31
smalmesh,31
smalmesh,31
smalmesh,31
smalmesh,32
smalmesh,32
smalmesh,32
smalmesh,32
smalmesh,32
smalmesh,32
smalmesh,32
smalmesh,32
smalmesh,32
smalmesh,32
smalmesh,32
smalmesh,32
smalmesh,32
smalmesh,32
smalmesh,32
smalmesh,32
smalmesh,32
smalmesh,32
smalmesh,32
smalmesh,32
smalmesh,32
smalmesh,32
smalmesh,32
smalmesh,32
smalmesh,32
smalmesh,32
smalmesh,32
smalmesh,32
smalmesh,32
smalmesh,32
smalmesh,32
smalmesh,32
smalmesh,32
smalmesh,32
smalmesh,32
smalmesh,32
smalmesh,32
smalmesh,32
smalmesh,32
smalmesh,32
smalmesh,32
smalmesh,32
smalmesh,32
smalmesh,32
smalmesh,32
smalmesh,32
smalmesh,32
smalmesh,32
smalmesh,32
smalmesh,32
smalmesh,32
smalmesh,32
smalmesh,32
smalmesh,32
smalmesh,32
smalmesh,32
smalmesh,32
smalmesh,32
smalmesh,32
smalmesh,32
smalmesh,32
smalmesh,32
smalmesh,32
smalmesh,32
smalmesh,32
smalmesh,32
smalmesh,32
smalmesh,32
smalmesh,32
smalmesh,32
smalmesh,33
smalmesh,33
smalmesh,33
smalmesh,33
smalmesh,33
smalmesh,33
smalmesh,33
smalmesh,33
smalmesh,33
smalmesh,33
smalmesh,33
smalmesh,33
smalmesh,33
smalmesh,33
smalmesh,33
smalmesh,33
smalmesh,33
smalmesh,33
smalmesh,33
smalmesh,33
smalmesh,33
smalmesh,33
smalmesh,33
smalmesh,33
smalmesh,33
smalmesh,33
smalmesh,33
smalmesh,33
smalmesh,33
smalmesh,33
smalmesh,33
smalmesh,33
smalmesh,33
smalmesh,33
smalmesh,33
smalmesh,33
smalmesh,33
smalmesh,33
smalmesh,33
smalmesh,33
smalmesh,33
smalmesh,33
smalmesh,33
smalmesh,33
smalmesh,33
smalmesh,33
smalmesh,33
smalmesh,33
smalmesh,33
smalmesh,33
smalmesh,33
smalmesh,33
smalmesh,33
smalmesh,33
smalmesh,33
smalmesh,33
smalmesh,33
smalmesh,33
smalmesh,33
smalmesh,33
smalmesh,33
smalmesh,33
smalmesh,33
smalmesh,33
smalmesh,33
smalmesh,33
smalmesh,33
smalmesh,33
smalmesh,33
smalmesh,33
smalmesh,33
smalmesh,33
smalmesh,33
smalmesh,33
smalmesh,33
smalmesh,33
smalmesh,33
smalmesh,33
smalmesh,33
smalmesh,33
smalmesh,33
smalmesh,33
smalmesh,33
smalmesh,33
smalmesh,33
smalmesh,33
smalmesh,33
smalmesh,33
smalmesh,33
smalmesh,33
smalmesh,33
smalmesh,33
smalmesh,33
smalmesh,33
smalmesh,33
smalmesh,33
smalmesh,33
smalmesh,33
smalmesh,33
smalmesh,33
smalmesh,33
smalmesh,33
smalmesh,33
smalmesh,33
smalmesh,33
smalmesh,33
smalmesh,33
smalmesh,33
smalmesh,34
smalmesh,34
smalmesh,34
smalmesh,34
smalmesh,34
smalmesh,34
smalmesh,34
smalmesh,34
smalmesh,34
smalmesh,34
smalmesh,34
smalmesh,34
smalmesh,34
smalmesh,34
smalmesh,34
smalmesh,34
smalmesh,34
smalmesh,34
smalmesh,34
smalmesh,34
smalmesh,34
smalmesh,34
smalmesh,34
smalmesh,34
smalmesh,34
smalmesh,34
smalmesh,34
smalmesh,34
smalmesh,34
smalmesh,34
smalmesh,34
smalmesh,34
smalmesh,34
smalmesh,34
smalmesh,34
smalmesh,34
smalmesh,34
smalmesh,34
smalmesh,34
smalmesh,34
smalmesh,34
smalmesh,34
smalmesh,34
smalmesh,34
smalmesh,34
smalmesh,34
smalmesh,34
smalmesh,34
smalmesh,34
smalmesh,34
smalmesh,34
smalmesh,34
smalmesh,34
smalmesh,34
smalmesh,34
smalmesh,34
smalmesh,34
smalmesh,34
smalmesh,34
smalmesh,34
smalmesh,34
smalmesh,34
smalmesh,34
smalmesh,34
smalmesh,34
smalmesh,34
smalmesh,34
smalmesh,34
smalmesh,34
smalmesh,34
smalmesh,34
smalmesh,34
smalmesh,34
smalmesh,34
smalmesh,34
smalmesh,34
smalmesh,34
smalmesh,34
smalmesh,34
smalmesh,34
smalmesh,34
smalmesh,34
smalmesh,34
smalmesh,34
smalmesh,34
smalmesh,34
smalmesh,34
smalmesh,34
smalmesh,35
smalmesh,35
smalmesh,35
smalmesh,35
smalmesh,35
smalmesh,35
smalmesh,35
smalmesh,35
smalmesh,35
smalmesh,35
smalmesh,35
smalmesh,35
smalmesh,35
smalmesh,35
smalmesh,35
smalmesh,35
smalmesh,35
smalmesh,35
smalmesh,35
smalmesh,35
smalmesh,35
smalmesh,35
smalmesh,35
smalmesh,35
smalmesh,35
smalmesh,35
smalmesh,35
smalmesh,35
smalmesh,35
smalmesh,35
smalmesh,35
smalmesh,35
smalmesh,35
smalmesh,35
smalmesh,35
smalmesh,35
smalmesh,35
smalmesh,35
smalmesh,35
smalmesh,35
smalmesh,35
smalmesh,35
smalmesh,35
smalmesh,35
smalmesh,35
smalmesh,35
smalmesh,35
smalmesh,35
smalmesh,35
smalmesh,35
smalmesh,35
smalmesh,35
smalmesh,35
smalmesh,35
smalmesh,35
smalmesh,35
smalmesh,35
smalmesh,35
smalmesh,35
smalmesh,35
smalmesh,35
smalmesh,35
smalmesh,35
smalmesh,35
smalmesh,35
smalmesh,35
smalmesh,35
smalmesh,35
smalmesh,35
smalmesh,35
smalmesh,35
smalmesh,35
smalmesh,35
smalmesh,35
smalmesh,35
smalmesh,35
smalmesh,35
smalmesh,35
smalmesh,35
smalmesh,35
smalmesh,35
smalmesh,35
smalmesh,35
smalmesh,35
smalmesh,36
smalmesh,36
smalmesh,36
smalmesh,36
smalmesh,36
smalmesh,36
smalmesh,36
smalmesh,36
smalmesh,36
smalmesh,36
smalmesh,36
smalmesh,36
smalmesh,36
smalmesh,36
smalmesh,36
smalmesh,36
smalmesh,36
smalmesh,36
smalmesh,36
smalmesh,36
smalmesh,36
smalmesh,36
smalmesh,36
smalmesh,36
smalmesh,36
smalmesh,36
smalmesh,36
smalmesh,36
smalmesh,36
smalmesh,36
smalmesh,36
smalmesh,36
smalmesh,36
smalmesh,36
smalmesh,36
smalmesh,36
smalmesh,36
smalmesh,36
smalmesh,36
smalmesh,36
smalmesh,36
smalmesh,36
smalmesh,36
smalmesh,36
smalmesh,36
smalmesh,36
smalmesh,36
smalmesh,36
smalmesh,36
smalmesh,36
smalmesh,36
smalmesh,36
smalmesh,36
smalmesh,36
smalmesh,36
smalmesh,36
smalmesh,36
smalmesh,36
smalmesh,36
smalmesh,36
smalmesh,36
smalmesh,36
smalmesh,36
smalmesh,36
smalmesh,36
smalmesh,36
smalmesh,36
smalmesh,36
smalmesh,37
smalmesh,37
smalmesh,37
smalmesh,37
smalmesh,37
smalmesh,37
smalmesh,37
smalmesh,37
smalmesh,37
smalmesh,37
smalmesh,37
smalmesh,37
smalmesh,37
smalmesh,37
smalmesh,37
smalmesh,37
smalmesh,37
smalmesh,37
smalmesh,37
smalmesh,37
smalmesh,37
smalmesh,37
smalmesh,37
smalmesh,37
smalmesh,37
smalmesh,37
smalmesh,37
smalmesh,37
smalmesh,37
smalmesh,37
smalmesh,37
smalmesh,37
smalmesh,37
smalmesh,37
smalmesh,37
smalmesh,37
smalmesh,37
smalmesh,38
smalmesh,38
smalmesh,38
smalmesh,38
smalmesh,38
smalmesh,38
smalmesh,38
smalmesh,38
smalmesh,38
smalmesh,38
smalmesh,38
smalmesh,38
smalmesh,38
smalmesh,38
smalmesh,38
smalmesh,38
smalmesh,38
smalmesh,38
smalmesh,38
smalmesh,38
smalmesh,38
smalmesh,38
smalmesh,38
smalmesh,38
smalmesh,38
smalmesh,38
smalmesh,38
smalmesh,38
smalmesh,38
smalmesh,38
smalmesh,38
smalmesh,38
smalmesh,38
smalmesh,39
smalmesh,39
smalmesh,39
smalmesh,39
smalmesh,39
smalmesh,39
smalmesh,39
smalmesh,39
smalmesh,39
smalmesh,39
smalmesh,39
smalmesh,39
smalmesh,40
smalmesh,40
smalmesh,40
smalmesh,40
smalmesh,40
smalmesh,41
smalmesh,41
smalmesh,41
smalmesh,41
smalmesh,41
smalmesh,41
smalmesh,42
smalmesh,42
smalmesh,42
smalmesh,42
smalmesh,42
smalmesh,42
smalmesh,42
smalmesh,42
smalmesh,42
smalmesh,42
smalmesh,43
smalmesh,44
smalmesh,44
smalmesh,44
smalmesh,44
smalmesh,44
smalmesh,44
smalmesh,45
smalmesh,45
smalmesh,46
largemesh,27
largemesh,28
largemesh,28
largemesh,28
largemesh,28
largemesh,28
largemesh,29
largemesh,29
largemesh,29
largemesh,29
largemesh,29
largemesh,29
largemesh,29
largemesh,29
largemesh,29
largemesh,29
largemesh,29
largemesh,29
largemesh,29
largemesh,29
largemesh,29
largemesh,29
largemesh,29
largemesh,29
largemesh,29
largemesh,30
largemesh,30
largemesh,30
largemesh,30
largemesh,30
largemesh,30
largemesh,30
largemesh,30
largemesh,30
largemesh,30
largemesh,30
largemesh,30
largemesh,30
largemesh,30
largemesh,30
largemesh,30
largemesh,30
largemesh,30
largemesh,30
largemesh,30
largemesh,30
largemesh,30
largemesh,30
largemesh,30
largemesh,30
largemesh,30
largemesh,30
largemesh,30
largemesh,30
largemesh,31
largemesh,31
largemesh,31
largemesh,31
largemesh,31
largemesh,31
largemesh,31
largemesh,31
largemesh,31
largemesh,31
largemesh,31
largemesh,31
largemesh,31
largemesh,31
largemesh,31
largemesh,31
largemesh,31
largemesh,31
largemesh,31
largemesh,31
largemesh,31
largemesh,31
largemesh,31
largemesh,31
largemesh,31
largemesh,31
largemesh,31
largemesh,31
largemesh,31
largemesh,31
largemesh,31
largemesh,31
largemesh,31
largemesh,31
largemesh,31
largemesh,31
largemesh,31
largemesh,31
largemesh,31
largemesh,31
largemesh,31
largemesh,31
largemesh,31
largemesh,31
largemesh,31
largemesh,31
largemesh,31
largemesh,31
largemesh,31
largemesh,31
largemesh,31
largemesh,32
largemesh,32
largemesh,32
largemesh,32
largemesh,32
largemesh,32
largemesh,32
largemesh,32
largemesh,32
largemesh,32
largemesh,32
largemesh,32
largemesh,32
largemesh,32
largemesh,32
largemesh,32
largemesh,32
largemesh,32
largemesh,32
largemesh,32
largemesh,32
largemesh,32
largemesh,32
largemesh,32
largemesh,32
largemesh,32
largemesh,32
largemesh,32
largemesh,32
largemesh,32
largemesh,32
largemesh,32
largemesh,32
largemesh,32
largemesh,32
largemesh,32
largemesh,32
largemesh,32
largemesh,32
largemesh,32
largemesh,32
largemesh,32
largemesh,32
largemesh,32
largemesh,32
largemesh,32
largemesh,32
largemesh,32
largemesh,32
largemesh,32
largemesh,32
largemesh,32
largemesh,32
largemesh,32
largemesh,32
largemesh,32
largemesh,32
largemesh,32
largemesh,32
largemesh,32
largemesh,32
largemesh,32
largemesh,32
largemesh,32
largemesh,32
largemesh,32
largemesh,32
largemesh,32
largemesh,32
largemesh,32
largemesh,32
largemesh,33
largemesh,33
largemesh,33
largemesh,33
largemesh,33
largemesh,33
largemesh,33
largemesh,33
largemesh,33
largemesh,33
largemesh,33
largemesh,33
largemesh,33
largemesh,33
largemesh,33
largemesh,33
largemesh,33
largemesh,33
largemesh,33
largemesh,33
largemesh,33
largemesh,33
largemesh,33
largemesh,33
largemesh,33
largemesh,33
largemesh,33
largemesh,33
largemesh,33
largemesh,33
largemesh,33
largemesh,33
largemesh,33
largemesh,33
largemesh,33
largemesh,33
largemesh,33
largemesh,33
largemesh,33
largemesh,33
largemesh,33
largemesh,33
largemesh,33
largemesh,33
largemesh,33
largemesh,33
largemesh,33
largemesh,33
largemesh,33
largemesh,33
largemesh,33
largemesh,33
largemesh,33
largemesh,33
largemesh,33
largemesh,33
largemesh,33
largemesh,33
largemesh,33
largemesh,33
largemesh,33
largemesh,33
largemesh,33
largemesh,33
largemesh,33
largemesh,33
largemesh,33
largemesh,33
largemesh,33
largemesh,33
largemesh,33
largemesh,33
largemesh,33
largemesh,33
largemesh,33
largemesh,33
largemesh,33
largemesh,33
largemesh,33
largemesh,33
largemesh,33
largemesh,33
largemesh,33
largemesh,33
largemesh,33
largemesh,33
largemesh,33
largemesh,33
largemesh,33
largemesh,33
largemesh,33
largemesh,33
largemesh,33
largemesh,33
largemesh,33
largemesh,33
largemesh,33
largemesh,33
largemesh,33
largemesh,33
largemesh,33
largemesh,33
largemesh,33
largemesh,33
largemesh,33
largemesh,33
largemesh,33
largemesh,33
largemesh,33
largemesh,33
largemesh,33
largemesh,33
largemesh,33
largemesh,33
largemesh,33
largemesh,33
largemesh,33
largemesh,33
largemesh,33
largemesh,33
largemesh,34
largemesh,34
largemesh,34
largemesh,34
largemesh,34
largemesh,34
largemesh,34
largemesh,34
largemesh,34
largemesh,34
largemesh,34
largemesh,34
largemesh,34
largemesh,34
largemesh,34
largemesh,34
largemesh,34
largemesh,34
largemesh,34
largemesh,34
largemesh,34
largemesh,34
largemesh,34
largemesh,34
largemesh,34
largemesh,34
largemesh,34
largemesh,34
largemesh,34
largemesh,34
largemesh,34
largemesh,34
largemesh,34
largemesh,34
largemesh,34
largemesh,34
largemesh,34
largemesh,34
largemesh,34
largemesh,34
largemesh,34
largemesh,34
largemesh,34
largemesh,34
largemesh,34
largemesh,34
largemesh,34
largemesh,34
largemesh,34
largemesh,34
largemesh,34
largemesh,34
largemesh,34
largemesh,34
largemesh,34
largemesh,34
largemesh,34
largemesh,34
largemesh,34
largemesh,34
largemesh,34
largemesh,34
largemesh,34
largemesh,34
largemesh,34
largemesh,34
largemesh,34
largemesh,34
largemesh,34
largemesh,34
largemesh,34
largemesh,34
largemesh,34
largemesh,34
largemesh,34
largemesh,34
largemesh,34
largemesh,34
largemesh,34
largemesh,34
largemesh,34
largemesh,34
largemesh,34
largemesh,34
largemesh,34
largemesh,34
largemesh,34
largemesh,34
largemesh,34
largemesh,34
largemesh,34
largemesh,34
largemesh,34
largemesh,34
largemesh,34
largemesh,34
largemesh,34
largemesh,34
largemesh,34
largemesh,34
largemesh,34
largemesh,34
largemesh,34
largemesh,34
largemesh,34
largemesh,34
largemesh,34
largemesh,34
largemesh,34
largemesh,34
largemesh,34
largemesh,34
largemesh,34
largemesh,34
largemesh,34
largemesh,34
largemesh,34
largemesh,34
largemesh,35
largemesh,35
largemesh,35
largemesh,35
largemesh,35
largemesh,35
largemesh,35
largemesh,35
largemesh,35
largemesh,35
largemesh,35
largemesh,35
largemesh,35
largemesh,35
largemesh,35
largemesh,35
largemesh,35
largemesh,35
largemesh,35
largemesh,35
largemesh,35
largemesh,35
largemesh,35
largemesh,35
largemesh,35
largemesh,35
largemesh,35
largemesh,35
largemesh,35
largemesh,35
largemesh,35
largemesh,35
largemesh,35
largemesh,35
largemesh,35
largemesh,35
largemesh,35
largemesh,35
largemesh,35
largemesh,35
largemesh,35
largemesh,35
largemesh,35
largemesh,35
largemesh,35
largemesh,35
largemesh,35
largemesh,35
largemesh,35
largemesh,35
largemesh,35
largemesh,35
largemesh,35
largemesh,35
largemesh,35
largemesh,35
largemesh,35
largemesh,35
largemesh,35
largemesh,35
largemesh,35
largemesh,35
largemesh,35
largemesh,35
largemesh,35
largemesh,35
largemesh,35
largemesh,35
largemesh,35
largemesh,35
largemesh,35
largemesh,35
largemesh,35
largemesh,35
largemesh,35
largemesh,35
largemesh,35
largemesh,35
largemesh,35
largemesh,35
largemesh,35
largemesh,35
largemesh,35
largemesh,35
largemesh,35
largemesh,35
largemesh,35
largemesh,35
largemesh,35
largemesh,35
largemesh,35
largemesh,35
largemesh,35
largemesh,35
largemesh,35
largemesh,35
largemesh,35
largemesh,35
largemesh,35
largemesh,35
largemesh,35
largemesh,35
largemesh,35
largemesh,35
largemesh,35
largemesh,35
largemesh,35
largemesh,36
largemesh,36
largemesh,36
largemesh,36
largemesh,36
largemesh,36
largemesh,36
largemesh,36
largemesh,36
largemesh,36
largemesh,36
largemesh,36
largemesh,36
largemesh,36
largemesh,36
largemesh,36
largemesh,36
largemesh,36
largemesh,36
largemesh,36
largemesh,36
largemesh,36
largemesh,36
largemesh,36
largemesh,36
largemesh,36
largemesh,36
largemesh,36
largemesh,36
largemesh,36
largemesh,36
largemesh,36
largemesh,36
largemesh,36
largemesh,36
largemesh,36
largemesh,36
largemesh,36
largemesh,36
largemesh,36
largemesh,36
largemesh,36
largemesh,36
largemesh,36
largemesh,36
largemesh,36
largemesh,36
largemesh,36
largemesh,36
largemesh,36
largemesh,36
largemesh,36
largemesh,36
largemesh,36
largemesh,36
largemesh,36
largemesh,36
largemesh,36
largemesh,36
largemesh,36
largemesh,36
largemesh,36
largemesh,36
largemesh,36
largemesh,36
largemesh,36
largemesh,36
largemesh,36
largemesh,36
largemesh,36
largemesh,36
largemesh,36
largemesh,36
largemesh,36
largemesh,36
largemesh,36
largemesh,36
largemesh,36
largemesh,37
largemesh,37
largemesh,37
largemesh,37
largemesh,37
largemesh,37
largemesh,37
largemesh,37
largemesh,37
largemesh,37
largemesh,37
largemesh,37
largemesh,37
largemesh,37
largemesh,37
largemesh,37
largemesh,37
largemesh,37
largemesh,37
largemesh,37
largemesh,37
largemesh,37
largemesh,37
largemesh,37
largemesh,37
largemesh,37
largemesh,37
largemesh,37
largemesh,37
largemesh,37
largemesh,37
largemesh,37
largemesh,37
largemesh,37
largemesh,37
largemesh,37
largemesh,37
largemesh,37
largemesh,37
largemesh,37
largemesh,37
largemesh,37
largemesh,37
largemesh,37
largemesh,37
largemesh,37
largemesh,37
largemesh,37
largemesh,37
largemesh,37
largemesh,37
largemesh,37
largemesh,38
largemesh,38
largemesh,38
largemesh,38
largemesh,38
largemesh,38
largemesh,38
largemesh,38
largemesh,38
largemesh,38
largemesh,38
largemesh,38
largemesh,38
largemesh,38
largemesh,38
largemesh,38
largemesh,38
largemesh,38
largemesh,38
largemesh,38
largemesh,38
largemesh,38
largemesh,38
largemesh,38
largemesh,38
largemesh,38
largemesh,38
largemesh,38
largemesh,38
largemesh,38
largemesh,38
largemesh,38
largemesh,38
largemesh,38
largemesh,38
largemesh,38
largemesh,38
largemesh,38
largemesh,38
largemesh,38
largemesh,39
largemesh,39
largemesh,39
largemesh,39
largemesh,39
largemesh,39
largemesh,39
largemesh,39
largemesh,39
largemesh,39
largemesh,39
largemesh,39
largemesh,39
largemesh,39
largemesh,39
largemesh,39
largemesh,39
largemesh,40
largemesh,40
largemesh,40
largemesh,40
largemesh,40
largemesh,40
largemesh,40
largemesh,40
largemesh,40
largemesh,40
largemesh,40
largemesh,40
largemesh,40
largemesh,40
largemesh,40
largemesh,40
largemesh,40
largemesh,41
largemesh,41
largemesh,41
largemesh,41
largemesh,41
largemesh,41
largemesh,41
largemesh,41
largemesh,41
largemesh,41
largemesh,41
largemesh,41
largemesh,41
largemesh,41
largemesh,42
largemesh,42
largemesh,42
largemesh,42
largemesh,42
largemesh,42
largemesh,42
largemesh,42
largemesh,42
largemesh,42
largemesh,43
largemesh,43
largemesh,43
largemesh,43
largemesh,44
largemesh,44
largemesh,44
largemesh,44
largemesh,44
largemesh,44
largemesh,45
largemesh,45
largemesh,46
largemesh,46
largemesh,46
largemesh,46
largemesh,46
largemesh,47
